accuracy,balanced_accuracy,roc_auc,average_precision,precision,recall_sensitivity,specificity,npv,f1,brier_score,ece_10_bins,threshold,tn,fp,fn,tp
0.7307692307692307,0.5,0.9093567251461988,0.9509640661693891,0.7307692307692307,1.0,0.0,0.0,0.8444444444444444,0.13653216524976836,0.13445140084420415,0.0,0,42,0,114
0.7756410256410257,0.5833333333333334,0.9093567251461988,0.9509640661693891,0.7651006711409396,1.0,0.16666666666666666,1.0,0.8669201520912547,0.13653216524976836,0.13445140084420415,0.01,7,35,0,114
0.8205128205128205,0.681704260651629,0.9093567251461988,0.9509640661693891,0.8115942028985508,0.9824561403508771,0.38095238095238093,0.8888888888888888,0.8888888888888888,0.13653216524976836,0.13445140084420415,0.02,16,26,2,112
0.8205128205128205,0.6967418546365914,0.9093567251461988,0.9509640661693891,0.8208955223880597,0.9649122807017544,0.42857142857142855,0.8181818181818182,0.8870967741935484,0.13653216524976836,0.13445140084420415,0.03,18,24,4,110
0.8525641025641025,0.7562656641604011,0.9093567251461988,0.9509640661693891,0.8527131782945736,0.9649122807017544,0.5476190476190477,0.8518518518518519,0.9053497942386831,0.13653216524976836,0.13445140084420415,0.04,23,19,4,110
0.8589743589743589,0.7756892230576441,0.9093567251461988,0.9509640661693891,0.8650793650793651,0.956140350877193,0.5952380952380952,0.8333333333333334,0.9083333333333333,0.13653216524976836,0.13445140084420415,0.05,25,17,5,109
0.8653846153846154,0.7875939849624061,0.9093567251461988,0.9509640661693891,0.872,0.956140350877193,0.6190476190476191,0.8387096774193549,0.9121338912133892,0.13653216524976836,0.13445140084420415,0.06,26,16,5,109
0.8782051282051282,0.818922305764411,0.9093567251461988,0.9509640661693891,0.8925619834710744,0.9473684210526315,0.6904761904761905,0.8285714285714286,0.9191489361702128,0.13653216524976836,0.13445140084420415,0.07,29,13,6,108
0.8974358974358975,0.8546365914786966,0.9093567251461988,0.9509640661693891,0.9152542372881356,0.9473684210526315,0.7619047619047619,0.8421052631578947,0.9310344827586207,0.13653216524976836,0.13445140084420415,0.08,32,10,6,108
0.8846153846153846,0.8458646616541353,0.9093567251461988,0.9509640661693891,0.9137931034482759,0.9298245614035088,0.7619047619047619,0.8,0.9217391304347826,0.13653216524976836,0.13445140084420415,0.09,32,10,8,106
0.8846153846153846,0.8458646616541353,0.9093567251461988,0.9509640661693891,0.9137931034482759,0.9298245614035088,0.7619047619047619,0.8,0.9217391304347826,0.13653216524976836,0.13445140084420415,0.1,32,10,8,106
0.8910256410256411,0.8577694235588973,0.9093567251461988,0.9509640661693891,0.9217391304347826,0.9298245614035088,0.7857142857142857,0.8048780487804879,0.925764192139738,0.13653216524976836,0.13445140084420415,0.11,33,9,8,106
0.8846153846153846,0.8533834586466165,0.9093567251461988,0.9509640661693891,0.9210526315789473,0.9210526315789473,0.7857142857142857,0.7857142857142857,0.9210526315789473,0.13653216524976836,0.13445140084420415,0.12,33,9,9,105
0.8846153846153846,0.8533834586466165,0.9093567251461988,0.9509640661693891,0.9210526315789473,0.9210526315789473,0.7857142857142857,0.7857142857142857,0.9210526315789473,0.13653216524976836,0.13445140084420415,0.13,33,9,9,105
0.8717948717948718,0.8446115288220551,0.9093567251461988,0.9509640661693891,0.9196428571428571,0.9035087719298246,0.7857142857142857,0.75,0.911504424778761,0.13653216524976836,0.13445140084420415,0.14,33,9,11,103
0.8717948717948718,0.8446115288220551,0.9093567251461988,0.9509640661693891,0.9196428571428571,0.9035087719298246,0.7857142857142857,0.75,0.911504424778761,0.13653216524976836,0.13445140084420415,0.15,33,9,11,103
0.8717948717948718,0.8446115288220551,0.9093567251461988,0.9509640661693891,0.9196428571428571,0.9035087719298246,0.7857142857142857,0.75,0.911504424778761,0.13653216524976836,0.13445140084420415,0.16,33,9,11,103
0.8717948717948718,0.8446115288220551,0.9093567251461988,0.9509640661693891,0.9196428571428571,0.9035087719298246,0.7857142857142857,0.75,0.911504424778761,0.13653216524976836,0.13445140084420415,0.17,33,9,11,103
0.8653846153846154,0.8477443609022557,0.9093567251461988,0.9509640661693891,0.926605504587156,0.8859649122807017,0.8095238095238095,0.723404255319149,0.905829596412556,0.13653216524976836,0.13445140084420415,0.18,34,8,13,101
0.8717948717948718,0.8596491228070176,0.9093567251461988,0.9509640661693891,0.9351851851851852,0.8859649122807017,0.8333333333333334,0.7291666666666666,0.9099099099099099,0.13653216524976836,0.13445140084420415,0.19,35,7,13,101
0.8717948717948718,0.8596491228070176,0.9093567251461988,0.9509640661693891,0.9351851851851852,0.8859649122807017,0.8333333333333334,0.7291666666666666,0.9099099099099099,0.13653216524976836,0.13445140084420415,0.2,35,7,13,101
0.8717948717948718,0.8596491228070176,0.9093567251461988,0.9509640661693891,0.9351851851851852,0.8859649122807017,0.8333333333333334,0.7291666666666666,0.9099099099099099,0.13653216524976836,0.13445140084420415,0.21,35,7,13,101
0.8717948717948718,0.8596491228070176,0.9093567251461988,0.9509640661693891,0.9351851851851852,0.8859649122807017,0.8333333333333334,0.7291666666666666,0.9099099099099099,0.13653216524976836,0.13445140084420415,0.22,35,7,13,101
0.8653846153846154,0.8552631578947368,0.9093567251461988,0.9509640661693891,0.9345794392523364,0.8771929824561403,0.8333333333333334,0.7142857142857143,0.9049773755656109,0.13653216524976836,0.13445140084420415,0.23,35,7,14,100
0.8653846153846154,0.8552631578947368,0.9093567251461988,0.9509640661693891,0.9345794392523364,0.8771929824561403,0.8333333333333334,0.7142857142857143,0.9049773755656109,0.13653216524976836,0.13445140084420415,0.24,35,7,14,100
0.8589743589743589,0.8508771929824561,0.9093567251461988,0.9509640661693891,0.9339622641509434,0.868421052631579,0.8333333333333334,0.7,0.9,0.13653216524976836,0.13445140084420415,0.25,35,7,15,99
0.8589743589743589,0.8508771929824561,0.9093567251461988,0.9509640661693891,0.9339622641509434,0.868421052631579,0.8333333333333334,0.7,0.9,0.13653216524976836,0.13445140084420415,0.26,35,7,15,99
0.8589743589743589,0.8583959899749374,0.9093567251461988,0.9509640661693891,0.9423076923076923,0.8596491228070176,0.8571428571428571,0.6923076923076923,0.8990825688073395,0.13653216524976836,0.13445140084420415,0.27,36,6,16,98
0.8525641025641025,0.8540100250626566,0.9093567251461988,0.9509640661693891,0.941747572815534,0.8508771929824561,0.8571428571428571,0.6792452830188679,0.8940092165898618,0.13653216524976836,0.13445140084420415,0.28,36,6,17,97
0.8525641025641025,0.8540100250626566,0.9093567251461988,0.9509640661693891,0.941747572815534,0.8508771929824561,0.8571428571428571,0.6792452830188679,0.8940092165898618,0.13653216524976836,0.13445140084420415,0.29,36,6,17,97
0.8525641025641025,0.8540100250626566,0.9093567251461988,0.9509640661693891,0.941747572815534,0.8508771929824561,0.8571428571428571,0.6792452830188679,0.8940092165898618,0.13653216524976836,0.13445140084420415,0.3,36,6,17,97
0.8461538461538461,0.849624060150376,0.9093567251461988,0.9509640661693891,0.9411764705882353,0.8421052631578947,0.8571428571428571,0.6666666666666666,0.8888888888888888,0.13653216524976836,0.13445140084420415,0.31,36,6,18,96
0.8461538461538461,0.849624060150376,0.9093567251461988,0.9509640661693891,0.9411764705882353,0.8421052631578947,0.8571428571428571,0.6666666666666666,0.8888888888888888,0.13653216524976836,0.13445140084420415,0.32,36,6,18,96
0.8461538461538461,0.849624060150376,0.9093567251461988,0.9509640661693891,0.9411764705882353,0.8421052631578947,0.8571428571428571,0.6666666666666666,0.8888888888888888,0.13653216524976836,0.13445140084420415,0.33,36,6,18,96
0.8461538461538461,0.849624060150376,0.9093567251461988,0.9509640661693891,0.9411764705882353,0.8421052631578947,0.8571428571428571,0.6666666666666666,0.8888888888888888,0.13653216524976836,0.13445140084420415,0.34,36,6,18,96
0.8461538461538461,0.849624060150376,0.9093567251461988,0.9509640661693891,0.9411764705882353,0.8421052631578947,0.8571428571428571,0.6666666666666666,0.8888888888888888,0.13653216524976836,0.13445140084420415,0.35,36,6,18,96
0.8461538461538461,0.849624060150376,0.9093567251461988,0.9509640661693891,0.9411764705882353,0.8421052631578947,0.8571428571428571,0.6666666666666666,0.8888888888888888,0.13653216524976836,0.13445140084420415,0.36,36,6,18,96
0.8461538461538461,0.849624060150376,0.9093567251461988,0.9509640661693891,0.9411764705882353,0.8421052631578947,0.8571428571428571,0.6666666666666666,0.8888888888888888,0.13653216524976836,0.13445140084420415,0.37,36,6,18,96
0.8461538461538461,0.849624060150376,0.9093567251461988,0.9509640661693891,0.9411764705882353,0.8421052631578947,0.8571428571428571,0.6666666666666666,0.8888888888888888,0.13653216524976836,0.13445140084420415,0.38,36,6,18,96
0.8461538461538461,0.849624060150376,0.9093567251461988,0.9509640661693891,0.9411764705882353,0.8421052631578947,0.8571428571428571,0.6666666666666666,0.8888888888888888,0.13653216524976836,0.13445140084420415,0.39,36,6,18,96
0.8461538461538461,0.849624060150376,0.9093567251461988,0.9509640661693891,0.9411764705882353,0.8421052631578947,0.8571428571428571,0.6666666666666666,0.8888888888888888,0.13653216524976836,0.13445140084420415,0.4,36,6,18,96
0.8461538461538461,0.849624060150376,0.9093567251461988,0.9509640661693891,0.9411764705882353,0.8421052631578947,0.8571428571428571,0.6666666666666666,0.8888888888888888,0.13653216524976836,0.13445140084420415,0.41,36,6,18,96
0.8397435897435898,0.8452380952380952,0.9093567251461988,0.9509640661693891,0.9405940594059405,0.8333333333333334,0.8571428571428571,0.6545454545454545,0.8837209302325582,0.13653216524976836,0.13445140084420415,0.42,36,6,19,95
0.8333333333333334,0.8408521303258145,0.9093567251461988,0.9509640661693891,0.94,0.8245614035087719,0.8571428571428571,0.6428571428571429,0.8785046728971962,0.13653216524976836,0.13445140084420415,0.43,36,6,20,94
0.8333333333333334,0.8408521303258145,0.9093567251461988,0.9509640661693891,0.94,0.8245614035087719,0.8571428571428571,0.6428571428571429,0.8785046728971962,0.13653216524976836,0.13445140084420415,0.44,36,6,20,94
0.8333333333333334,0.8408521303258145,0.9093567251461988,0.9509640661693891,0.94,0.8245614035087719,0.8571428571428571,0.6428571428571429,0.8785046728971962,0.13653216524976836,0.13445140084420415,0.45,36,6,20,94
0.8333333333333334,0.8408521303258145,0.9093567251461988,0.9509640661693891,0.94,0.8245614035087719,0.8571428571428571,0.6428571428571429,0.8785046728971962,0.13653216524976836,0.13445140084420415,0.46,36,6,20,94
0.8333333333333334,0.8408521303258145,0.9093567251461988,0.9509640661693891,0.94,0.8245614035087719,0.8571428571428571,0.6428571428571429,0.8785046728971962,0.13653216524976836,0.13445140084420415,0.47,36,6,20,94
0.8333333333333334,0.8408521303258145,0.9093567251461988,0.9509640661693891,0.94,0.8245614035087719,0.8571428571428571,0.6428571428571429,0.8785046728971962,0.13653216524976836,0.13445140084420415,0.48,36,6,20,94
0.8333333333333334,0.8408521303258145,0.9093567251461988,0.9509640661693891,0.94,0.8245614035087719,0.8571428571428571,0.6428571428571429,0.8785046728971962,0.13653216524976836,0.13445140084420415,0.49,36,6,20,94
0.8333333333333334,0.8408521303258145,0.9093567251461988,0.9509640661693891,0.94,0.8245614035087719,0.8571428571428571,0.6428571428571429,0.8785046728971962,0.13653216524976836,0.13445140084420415,0.5,36,6,20,94
0.8205128205128205,0.8320802005012531,0.9093567251461988,0.9509640661693891,0.9387755102040817,0.8070175438596491,0.8571428571428571,0.6206896551724138,0.8679245283018868,0.13653216524976836,0.13445140084420415,0.51,36,6,22,92
0.8205128205128205,0.8320802005012531,0.9093567251461988,0.9509640661693891,0.9387755102040817,0.8070175438596491,0.8571428571428571,0.6206896551724138,0.8679245283018868,0.13653216524976836,0.13445140084420415,0.52,36,6,22,92
0.8205128205128205,0.8320802005012531,0.9093567251461988,0.9509640661693891,0.9387755102040817,0.8070175438596491,0.8571428571428571,0.6206896551724138,0.8679245283018868,0.13653216524976836,0.13445140084420415,0.53,36,6,22,92
0.8205128205128205,0.8320802005012531,0.9093567251461988,0.9509640661693891,0.9387755102040817,0.8070175438596491,0.8571428571428571,0.6206896551724138,0.8679245283018868,0.13653216524976836,0.13445140084420415,0.54,36,6,22,92
0.8205128205128205,0.8320802005012531,0.9093567251461988,0.9509640661693891,0.9387755102040817,0.8070175438596491,0.8571428571428571,0.6206896551724138,0.8679245283018868,0.13653216524976836,0.13445140084420415,0.55,36,6,22,92
0.8205128205128205,0.8320802005012531,0.9093567251461988,0.9509640661693891,0.9387755102040817,0.8070175438596491,0.8571428571428571,0.6206896551724138,0.8679245283018868,0.13653216524976836,0.13445140084420415,0.56,36,6,22,92
0.8076923076923077,0.8233082706766917,0.9093567251461988,0.9509640661693891,0.9375,0.7894736842105263,0.8571428571428571,0.6,0.8571428571428571,0.13653216524976836,0.13445140084420415,0.57,36,6,24,90
0.8076923076923077,0.8233082706766917,0.9093567251461988,0.9509640661693891,0.9375,0.7894736842105263,0.8571428571428571,0.6,0.8571428571428571,0.13653216524976836,0.13445140084420415,0.58,36,6,24,90
0.8076923076923077,0.8233082706766917,0.9093567251461988,0.9509640661693891,0.9375,0.7894736842105263,0.8571428571428571,0.6,0.8571428571428571,0.13653216524976836,0.13445140084420415,0.59,36,6,24,90
0.8012820512820513,0.818922305764411,0.9093567251461988,0.9509640661693891,0.9368421052631579,0.7807017543859649,0.8571428571428571,0.5901639344262295,0.8516746411483254,0.13653216524976836,0.13445140084420415,0.6,36,6,25,89
0.7948717948717948,0.8145363408521302,0.9093567251461988,0.9509640661693891,0.9361702127659575,0.7719298245614035,0.8571428571428571,0.5806451612903226,0.8461538461538461,0.13653216524976836,0.13445140084420415,0.61,36,6,26,88
0.7948717948717948,0.8145363408521302,0.9093567251461988,0.9509640661693891,0.9361702127659575,0.7719298245614035,0.8571428571428571,0.5806451612903226,0.8461538461538461,0.13653216524976836,0.13445140084420415,0.62,36,6,26,88
0.8012820512820513,0.8264411027568922,0.9093567251461988,0.9509640661693891,0.946236559139785,0.7719298245614035,0.8809523809523809,0.5873015873015873,0.8502415458937198,0.13653216524976836,0.13445140084420415,0.63,37,5,26,88
0.8012820512820513,0.8339598997493735,0.9093567251461988,0.9509640661693891,0.9560439560439561,0.7631578947368421,0.9047619047619048,0.5846153846153846,0.848780487804878,0.13653216524976836,0.13445140084420415,0.64,38,4,27,87
0.7884615384615384,0.825187969924812,0.9093567251461988,0.9509640661693891,0.9550561797752809,0.7456140350877193,0.9047619047619048,0.5671641791044776,0.8374384236453202,0.13653216524976836,0.13445140084420415,0.65,38,4,29,85
0.782051282051282,0.8208020050125313,0.9093567251461988,0.9509640661693891,0.9545454545454546,0.7368421052631579,0.9047619047619048,0.5588235294117647,0.8316831683168316,0.13653216524976836,0.13445140084420415,0.66,38,4,30,84
0.7756410256410257,0.8164160401002507,0.9093567251461988,0.9509640661693891,0.9540229885057471,0.7280701754385965,0.9047619047619048,0.5507246376811594,0.8258706467661692,0.13653216524976836,0.13445140084420415,0.67,38,4,31,83
0.7692307692307693,0.8120300751879699,0.9093567251461988,0.9509640661693891,0.9534883720930233,0.7192982456140351,0.9047619047619048,0.5428571428571428,0.82,0.13653216524976836,0.13445140084420415,0.68,38,4,32,82
0.7628205128205128,0.8076441102756893,0.9093567251461988,0.9509640661693891,0.9529411764705882,0.7105263157894737,0.9047619047619048,0.5352112676056338,0.8140703517587939,0.13653216524976836,0.13445140084420415,0.69,38,4,33,81
0.7564102564102564,0.8032581453634084,0.9093567251461988,0.9509640661693891,0.9523809523809523,0.7017543859649122,0.9047619047619048,0.5277777777777778,0.8080808080808081,0.13653216524976836,0.13445140084420415,0.7,38,4,34,80
0.7435897435897436,0.7944862155388471,0.9093567251461988,0.9509640661693891,0.9512195121951219,0.6842105263157895,0.9047619047619048,0.5135135135135135,0.7959183673469388,0.13653216524976836,0.13445140084420415,0.71,38,4,36,78
0.7435897435897436,0.7944862155388471,0.9093567251461988,0.9509640661693891,0.9512195121951219,0.6842105263157895,0.9047619047619048,0.5135135135135135,0.7959183673469388,0.13653216524976836,0.13445140084420415,0.72,38,4,36,78
0.75,0.8063909774436091,0.9093567251461988,0.9509640661693891,0.9629629629629629,0.6842105263157895,0.9285714285714286,0.52,0.8,0.13653216524976836,0.13445140084420415,0.73,39,3,36,78
0.7435897435897436,0.8020050125313283,0.9093567251461988,0.9509640661693891,0.9625,0.6754385964912281,0.9285714285714286,0.5131578947368421,0.7938144329896907,0.13653216524976836,0.13445140084420415,0.74,39,3,37,77
0.7435897435897436,0.8020050125313283,0.9093567251461988,0.9509640661693891,0.9625,0.6754385964912281,0.9285714285714286,0.5131578947368421,0.7938144329896907,0.13653216524976836,0.13445140084420415,0.75,39,3,37,77
0.7371794871794872,0.7976190476190477,0.9093567251461988,0.9509640661693891,0.9620253164556962,0.6666666666666666,0.9285714285714286,0.5064935064935064,0.7875647668393783,0.13653216524976836,0.13445140084420415,0.76,39,3,38,76
0.7243589743589743,0.7888471177944862,0.9093567251461988,0.9509640661693891,0.961038961038961,0.6491228070175439,0.9285714285714286,0.4936708860759494,0.774869109947644,0.13653216524976836,0.13445140084420415,0.77,39,3,40,74
0.717948717948718,0.7844611528822055,0.9093567251461988,0.9509640661693891,0.9605263157894737,0.6403508771929824,0.9285714285714286,0.4875,0.7684210526315789,0.13653216524976836,0.13445140084420415,0.78,39,3,41,73
0.717948717948718,0.7844611528822055,0.9093567251461988,0.9509640661693891,0.9605263157894737,0.6403508771929824,0.9285714285714286,0.4875,0.7684210526315789,0.13653216524976836,0.13445140084420415,0.79,39,3,41,73
0.717948717948718,0.7844611528822055,0.9093567251461988,0.9509640661693891,0.9605263157894737,0.6403508771929824,0.9285714285714286,0.4875,0.7684210526315789,0.13653216524976836,0.13445140084420415,0.8,39,3,41,73
0.7115384615384616,0.7800751879699248,0.9093567251461988,0.9509640661693891,0.96,0.631578947368421,0.9285714285714286,0.48148148148148145,0.7619047619047619,0.13653216524976836,0.13445140084420415,0.81,39,3,42,72
0.7115384615384616,0.7800751879699248,0.9093567251461988,0.9509640661693891,0.96,0.631578947368421,0.9285714285714286,0.48148148148148145,0.7619047619047619,0.13653216524976836,0.13445140084420415,0.82,39,3,42,72
0.7115384615384616,0.7800751879699248,0.9093567251461988,0.9509640661693891,0.96,0.631578947368421,0.9285714285714286,0.48148148148148145,0.7619047619047619,0.13653216524976836,0.13445140084420415,0.83,39,3,42,72
0.7051282051282052,0.7756892230576442,0.9093567251461988,0.9509640661693891,0.9594594594594594,0.6228070175438597,0.9285714285714286,0.47560975609756095,0.7553191489361702,0.13653216524976836,0.13445140084420415,0.84,39,3,43,71
0.6987179487179487,0.7713032581453634,0.9093567251461988,0.9509640661693891,0.958904109589041,0.6140350877192983,0.9285714285714286,0.46987951807228917,0.7486631016042781,0.13653216524976836,0.13445140084420415,0.85,39,3,44,70
0.6987179487179487,0.7713032581453634,0.9093567251461988,0.9509640661693891,0.958904109589041,0.6140350877192983,0.9285714285714286,0.46987951807228917,0.7486631016042781,0.13653216524976836,0.13445140084420415,0.86,39,3,44,70
0.6923076923076923,0.7669172932330828,0.9093567251461988,0.9509640661693891,0.9583333333333334,0.6052631578947368,0.9285714285714286,0.4642857142857143,0.7419354838709677,0.13653216524976836,0.13445140084420415,0.87,39,3,45,69
0.6923076923076923,0.7669172932330828,0.9093567251461988,0.9509640661693891,0.9583333333333334,0.6052631578947368,0.9285714285714286,0.4642857142857143,0.7419354838709677,0.13653216524976836,0.13445140084420415,0.88,39,3,45,69
0.6987179487179487,0.7788220551378446,0.9093567251461988,0.9509640661693891,0.971830985915493,0.6052631578947368,0.9523809523809523,0.47058823529411764,0.745945945945946,0.13653216524976836,0.13445140084420415,0.89,40,2,45,69
0.6923076923076923,0.7744360902255638,0.9093567251461988,0.9509640661693891,0.9714285714285714,0.5964912280701754,0.9523809523809523,0.46511627906976744,0.7391304347826086,0.13653216524976836,0.13445140084420415,0.9,40,2,46,68
0.6923076923076923,0.7744360902255638,0.9093567251461988,0.9509640661693891,0.9714285714285714,0.5964912280701754,0.9523809523809523,0.46511627906976744,0.7391304347826086,0.13653216524976836,0.13445140084420415,0.91,40,2,46,68
0.6794871794871795,0.7656641604010025,0.9093567251461988,0.9509640661693891,0.9705882352941176,0.5789473684210527,0.9523809523809523,0.45454545454545453,0.7252747252747253,0.13653216524976836,0.13445140084420415,0.92,40,2,48,66
0.6730769230769231,0.7612781954887218,0.9093567251461988,0.9509640661693891,0.9701492537313433,0.5701754385964912,0.9523809523809523,0.449438202247191,0.7182320441988951,0.13653216524976836,0.13445140084420415,0.93,40,2,49,65
0.6410256410256411,0.7393483709273183,0.9093567251461988,0.9509640661693891,0.967741935483871,0.5263157894736842,0.9523809523809523,0.425531914893617,0.6818181818181818,0.13653216524976836,0.13445140084420415,0.94,40,2,54,60
0.6346153846153846,0.7349624060150376,0.9093567251461988,0.9509640661693891,0.9672131147540983,0.5175438596491229,0.9523809523809523,0.42105263157894735,0.6742857142857143,0.13653216524976836,0.13445140084420415,0.95,40,2,55,59
0.5961538461538461,0.7086466165413534,0.9093567251461988,0.9509640661693891,0.9636363636363636,0.4649122807017544,0.9523809523809523,0.39603960396039606,0.6272189349112426,0.13653216524976836,0.13445140084420415,0.96,40,2,61,53
0.5897435897435898,0.7117794486215538,0.9093567251461988,0.9509640661693891,0.9807692307692307,0.4473684210526316,0.9761904761904762,0.3942307692307692,0.6144578313253012,0.13653216524976836,0.13445140084420415,0.97,41,1,63,51
0.5641025641025641,0.6942355889724311,0.9093567251461988,0.9509640661693891,0.9791666666666666,0.41228070175438597,0.9761904761904762,0.37962962962962965,0.5802469135802469,0.13653216524976836,0.13445140084420415,0.98,41,1,67,47
0.4935897435897436,0.6459899749373433,0.9093567251461988,0.9509640661693891,0.972972972972973,0.3157894736842105,0.9761904761904762,0.3445378151260504,0.4768211920529801,0.13653216524976836,0.13445140084420415,0.99,41,1,78,36
0.27564102564102566,0.5043859649122807,0.9093567251461988,0.9509640661693891,1.0,0.008771929824561403,1.0,0.2709677419354839,0.017391304347826087,0.13653216524976836,0.13445140084420415,1.0,42,0,113,1
